<botcomponent_msdyn_aimodelset>
  <botcomponent_msdyn_aimodel botcomponentid.schemaname="cr3eb_copilotPocV2.topic.ColaSoportetcnicoCashTodayAGUSTIN2" msdyn_aimodelid.msdyn_aimodelid="eeb6acd9-8ff8-4910-af1e-7bf6cbbf8236">
    <iscustomizable>1</iscustomizable>
  </botcomponent_msdyn_aimodel>
  <botcomponent_msdyn_aimodel botcomponentid.schemaname="cr3eb_copilotPocV2.topic.ColaSoportetcnicoCashTodaybackup28Marzo" msdyn_aimodelid.msdyn_aimodelid="eeb6acd9-8ff8-4910-af1e-7bf6cbbf8236">
    <iscustomizable>1</iscustomizable>
  </botcomponent_msdyn_aimodel>
</botcomponent_msdyn_aimodelset>