<ImportExportXml version="9.2.25031.216" SolutionPackageVersion="9.2" languagecode="3082" generatedBy="CrmLive" xmlns:xsi="http://www.w3.org/2001/XMLSchema-instance" OrganizationVersion="9.2.25031.216" OrganizationSchemaType="Full" CRMServerServiceabilityVersion="9.2.25032.00214">
  <SolutionManifest>
    <UniqueName>ASISTIAv08</UniqueName>
    <LocalizedNames>
      <LocalizedName description="ASIST-IA Solution" languagecode="3082" />
      <LocalizedName description="ASIST-IA BCK Solution" languagecode="1033" />
    </LocalizedNames>
    <Descriptions>
      <Description description="Actualización de ASIST-IA Solution" languagecode="1033" />
      <Description description="Actualización de ASIST-IA Solution" languagecode="3082" />
    </Descriptions>
    <Version>1.1.0.1</Version>
    <Managed>0</Managed>
    <Publisher>
      <UniqueName>prosegur</UniqueName>
      <LocalizedNames>
        <LocalizedName description="Prosegur" languagecode="1031" />
        <LocalizedName description="Prosegur" languagecode="1033" />
        <LocalizedName description="Prosegur" languagecode="1036" />
        <LocalizedName description="Prosegur" languagecode="1046" />
        <LocalizedName description="Prosegur" languagecode="2070" />
        <LocalizedName description="Prosegur" languagecode="3082" />
      </LocalizedNames>
      <Descriptions>
        <Description description="Nueva etiqueta para desarrollos a partir de Release1" languagecode="1031" />
        <Description description="Nueva Etiqueta Para Desarrollos A Partir De Release1" languagecode="1033" />
        <Description description="Nueva etiqueta para desarrollos a partir de Release1" languagecode="1036" />
        <Description description="Nueva etiqueta para desarrollos a partir de Release1" languagecode="1046" />
        <Description description="Nueva etiqueta para desarrollos a partir de Release1" languagecode="2070" />
        <Description description="Nueva etiqueta para desarrollos a partir de Release1" languagecode="3082" />
      </Descriptions>
      <EMailAddress xsi:nil="true"></EMailAddress>
      <SupportingWebsiteUrl xsi:nil="true"></SupportingWebsiteUrl>
      <CustomizationPrefix>pro</CustomizationPrefix>
      <CustomizationOptionValuePrefix>16611</CustomizationOptionValuePrefix>
      <Addresses>
        <Address>
          <AddressNumber>1</AddressNumber>
          <AddressTypeCode>1</AddressTypeCode>
          <City xsi:nil="true"></City>
          <County xsi:nil="true"></County>
          <Country xsi:nil="true"></Country>
          <Fax xsi:nil="true"></Fax>
          <FreightTermsCode xsi:nil="true"></FreightTermsCode>
          <ImportSequenceNumber xsi:nil="true"></ImportSequenceNumber>
          <Latitude xsi:nil="true"></Latitude>
          <Line1 xsi:nil="true"></Line1>
          <Line2 xsi:nil="true"></Line2>
          <Line3 xsi:nil="true"></Line3>
          <Longitude xsi:nil="true"></Longitude>
          <Name xsi:nil="true"></Name>
          <PostalCode xsi:nil="true"></PostalCode>
          <PostOfficeBox xsi:nil="true"></PostOfficeBox>
          <PrimaryContactName xsi:nil="true"></PrimaryContactName>
          <ShippingMethodCode>1</ShippingMethodCode>
          <StateOrProvince xsi:nil="true"></StateOrProvince>
          <Telephone1 xsi:nil="true"></Telephone1>
          <Telephone2 xsi:nil="true"></Telephone2>
          <Telephone3 xsi:nil="true"></Telephone3>
          <TimeZoneRuleVersionNumber xsi:nil="true"></TimeZoneRuleVersionNumber>
          <UPSZone xsi:nil="true"></UPSZone>
          <UTCOffset xsi:nil="true"></UTCOffset>
          <UTCConversionTimeZoneCode xsi:nil="true"></UTCConversionTimeZoneCode>
        </Address>
        <Address>
          <AddressNumber>2</AddressNumber>
          <AddressTypeCode>1</AddressTypeCode>
          <City xsi:nil="true"></City>
          <County xsi:nil="true"></County>
          <Country xsi:nil="true"></Country>
          <Fax xsi:nil="true"></Fax>
          <FreightTermsCode xsi:nil="true"></FreightTermsCode>
          <ImportSequenceNumber xsi:nil="true"></ImportSequenceNumber>
          <Latitude xsi:nil="true"></Latitude>
          <Line1 xsi:nil="true"></Line1>
          <Line2 xsi:nil="true"></Line2>
          <Line3 xsi:nil="true"></Line3>
          <Longitude xsi:nil="true"></Longitude>
          <Name xsi:nil="true"></Name>
          <PostalCode xsi:nil="true"></PostalCode>
          <PostOfficeBox xsi:nil="true"></PostOfficeBox>
          <PrimaryContactName xsi:nil="true"></PrimaryContactName>
          <ShippingMethodCode>1</ShippingMethodCode>
          <StateOrProvince xsi:nil="true"></StateOrProvince>
          <Telephone1 xsi:nil="true"></Telephone1>
          <Telephone2 xsi:nil="true"></Telephone2>
          <Telephone3 xsi:nil="true"></Telephone3>
          <TimeZoneRuleVersionNumber xsi:nil="true"></TimeZoneRuleVersionNumber>
          <UPSZone xsi:nil="true"></UPSZone>
          <UTCOffset xsi:nil="true"></UTCOffset>
          <UTCConversionTimeZoneCode xsi:nil="true"></UTCConversionTimeZoneCode>
        </Address>
      </Addresses>
    </Publisher>
    <RootComponents>
      <RootComponent type="401" id="{eeb6acd9-8ff8-4910-af1e-7bf6cbbf8236}" behavior="0" />
    </RootComponents>
    <MissingDependencies />
  </SolutionManifest>
</ImportExportXml>